{
  "0": "blockchain_security",
  "1": "cloud_security",
  "2": "cybersecurity",
  "3": "ddos_attack",
  "4": "encryption",
  "5": "firewall",
  "6": "greeting",
  "7": "incident_response",
  "8": "iot_security",
  "9": "malware",
  "10": "man_in_the_middle",
  "11": "mobile_security",
  "12": "network_security",
  "13": "password_security",
  "14": "phishing",
  "15": "ransomware",
  "16": "social_engineering",
  "17": "sql_injection",
  "18": "thanks",
  "19": "vpn",
  "20": "xss_attack",
  "21": "zero_day"
}