2026-01-02 00:22:39.268936,siapa kamu,sorry,0.700,not_helpful
2026-01-02 00:28:39.725110,halo,greeting,1.000,helpful
2026-01-02 00:30:04.264750,apa itu CVSS?,vulnerability_cvss,0.700,not_helpful
2026-01-02 00:32:44.698012,hay chat,sorry,0.700,not_helpful
2026-01-02 00:32:52.122131,halo chat,sorry,0.700,not_helpful
2026-01-02 00:33:01.939527,apa itu phishing?,phishing,0.700,not_helpful
2026-01-02 00:33:20.638654,apa bedanya phishing dan malware?,phishing,0.700,not_helpful
2026-01-02 00:48:11.596781,halo,greeting,1.000,helpful
2026-01-02 00:48:19.394095,apa itu cybersecurity?,cybersecurity_importance,0.700,helpful
