{
  "greeting": [
    "halo", "hai", "hi", "hello", "hey", "selamat pagi", "selamat siang", 
    "selamat malam", "selamat sore", "halo bot", "hai chatbot", 
    "permisi", "assalamualaikum", "salam", "helo", "hei", "hei bot",
    "good morning", "good afternoon", "good evening", "yo", "sup"
  ],

  "thanks": [
    "terima kasih", "thanks", "thank you", "makasih", "thx", "tengkyu",
    "oke terima kasih", "ok thanks", "sip makasih", "oke sip", "mantap",
    "thanks ya", "makasih ya", "terima kasih banyak", "thanks a lot",
    "appreciate it", "thanks bot", "makasih bot", "ok sip"
  ],

  "phishing": [
    "apa itu phishing", "phishing itu apa", "pengertian phishing", "definisi phishing",
    "jelaskan phishing", "phishing artinya apa", "maksud phishing", "arti phishing",
    "apa maksud phishing", "phishing tuh apa", "phishing apa sih", "phishing apaan",
    "phishing adalah", "yang dimaksud phishing", "phishing itu gimana",
    "apa itu phising", "phising itu apa", "pengertian phising", "pishing itu apa",
    "apa itu fisyhing", "pising itu apa", "apa maksud phising", "phising apaan",
    "contoh phishing", "contoh serangan phishing", "contoh email phishing", 
    "contoh phishing attack", "contoh kasus phishing", "kasih contoh phishing",
    "gimana contoh phishing", "misalnya phishing", "seperti apa phishing",
    "email phishing itu seperti apa", "sms phishing contohnya", "whatsapp phishing",
    "cara kerja phishing", "bagaimana cara kerja phishing", "gimana phishing bekerja",
    "proses phishing", "mekanisme phishing", "phishing itu kerja gimana",
    "gimana cara phishing", "phishing itu gimana sih", "teknik phishing",
    "metode phishing", "cara phishing dilakukan", "phishing gimana caranya",
    "bahaya phishing", "kenapa phishing berbahaya", "dampak phishing",
    "efek phishing", "akibat phishing", "resiko phishing", "phishing berbahaya ga",
    "seberapa bahaya phishing", "phishing bisa bikin apa", "rugi gara gara phishing",
    "cara mencegah phishing", "cara menghindari phishing", "cara mengatasi phishing",
    "proteksi dari phishing", "gimana biar ga kena phishing", "solusi phishing",
    "tips hindari phishing", "cara aman dari phishing", "lindungi diri dari phishing",
    "cegah phishing gimana", "ngindarin phishing", "biar ga kena phishing",
    "ciri ciri phishing", "tanda tanda phishing", "gimana ngecek phishing",
    "bedain phishing asli atau palsu", "cara deteksi phishing", "kenali phishing",
    "email phishing kayak gimana", "link phishing", "website phishing",
    "kalo udah kena phishing gimana", "terserang phishing harus gimana",
    "udah diklik link phishing", "ketipu phishing", "jadi korban phishing",
    "spear phishing", "whaling", "vishing", "smishing", "clone phishing",
    "apa itu spear phishing", "bedanya phishing sama spear phishing",
    "vishing itu apa", "smishing artinya", "clone phishing gimana",
    "jenis jenis phishing", "macam macam phishing", "tipe phishing",
    "variasi phishing", "kategori phishing", "bentuk phishing",
    "bedanya phishing sama malware", "phishing vs malware", "phishing atau malware",
    "beda phishing dengan spam", "phishing vs spam", "phishing sama social engineering",
    "penipuan lewat email", "email palsu dari bank", "link mencurigakan"
  ],

  "malware": [
    "apa itu malware", "malware itu apa", "pengertian malware", "definisi malware",
    "jelaskan malware", "malware artinya", "maksud malware", "arti malware",
    "malware apaan", "malware tuh apa", "malware adalah", "yang dimaksud malware",
    "apa itu malwer", "malwer itu apa", "malwere", "malware apaan sih",
    "contoh malware", "contoh serangan malware", "jenis jenis malware",
    "macam macam malware", "tipe malware", "kategori malware", "bentuk malware",
    "malware seperti apa", "kasih contoh malware", "misalnya malware",
    "virus komputer", "worm", "trojan", "spyware", "adware", "rootkit",
    "apa itu virus komputer", "virus itu apa", "pengertian virus",
    "apa itu worm", "worm malware", "trojan horse", "trojan itu apa",
    "spyware adalah", "apa itu spyware", "adware itu apa", "rootkit artinya",
    "cara kerja malware", "bagaimana cara kerja malware", "gimana malware bekerja",
    "proses malware", "mekanisme malware", "malware itu kerja gimana",
    "teknik malware", "metode penyebaran malware", "malware masuk gimana",
    "bahaya malware", "kenapa malware berbahaya", "dampak malware",
    "efek malware", "akibat malware", "resiko malware", "malware berbahaya ga",
    "seberapa bahaya malware", "malware bisa bikin apa", "rugi gara gara malware",
    "cara mencegah malware", "cara menghindari malware", "cara mengatasi malware",
    "proteksi dari malware", "gimana biar ga kena malware", "solusi malware",
    "tips hindari malware", "cara aman dari malware", "lindungi diri dari malware",
    "antivirus", "antimalware", "software anti malware", "tools hapus malware",
    "cara hapus malware", "cara membersihkan malware", "remove malware",
    "scan malware", "deteksi malware", "cek komputer ada malware",
    "komputer kena malware", "hp kena malware", "malware di android",
    "malware di windows", "malware di mac", "malware di linux",
    "bedanya malware sama virus", "malware vs virus", "beda malware dengan worm",
    "malware vs trojan", "malware atau spyware", "bedanya malware dengan ransomware",
    "software jahat", "program berbahaya", "aplikasi jahat"
  ],

  "ransomware": [
    "apa itu ransomware", "ransomware itu apa", "pengertian ransomware", 
    "definisi ransomware", "jelaskan ransomware", "ransomware artinya",
    "ransomware apaan", "ransomware tuh apa", "ransomwer", "ransomware adalah",
    "contoh ransomware", "contoh serangan ransomware", "kasus ransomware",
    "wannacry", "petya", "ryuk", "lockbit", "revil", "conti",
    "apa itu wannacry", "serangan wannacry", "wannacry ransomware",
    "cara kerja ransomware", "gimana ransomware bekerja", "proses ransomware",
    "bagaimana cara kerja ransomware", "mekanisme ransomware", "teknik ransomware",
    "ransomware enkripsi gimana", "ransomware ngunci file", "file dikunci ransomware",
    "bahaya ransomware", "kenapa ransomware berbahaya", "dampak ransomware",
    "efek ransomware", "akibat ransomware", "resiko ransomware",
    "seberapa bahaya ransomware", "ransomware bisa bikin apa",
    "cara mencegah ransomware", "cara menghindari ransomware", "proteksi ransomware",
    "gimana biar ga kena ransomware", "solusi ransomware", "tips hindari ransomware",
    "cara aman dari ransomware", "lindungi dari ransomware", "backup data",
    "kena ransomware harus gimana", "terserang ransomware", "file dikunci ransomware",
    "udah kena ransomware gimana", "jadi korban ransomware", "file ke encrypt",
    "bayar tebusan ga", "bayar ransom", "haruskah bayar ransomware",
    "bayar hacker ransomware", "nego dengan hacker", "tebusan ransomware",
    "cara decrypt file ransomware", "buka file ransomware", "kembalikan file",
    "recovery dari ransomware", "restore file ransomware", "dekripsi ransomware",
    "bedanya ransomware sama malware", "ransomware vs malware", "ransomware atau virus",
    "beda ransomware dengan trojan", "ransomware vs cryptolocker",
    "jenis ransomware", "tipe ransomware", "kategori ransomware", "macam ransomware",
    "crypto ransomware", "locker ransomware", "double extortion", "ransomware as a service",
    "file terenkripsi", "data terkunci", "minta tebusan"
  ],

  "social_engineering": [
    "apa itu social engineering", "social engineering itu apa", 
    "pengertian social engineering", "definisi social engineering",
    "jelaskan social engineering", "social engineering artinya",
    "rekayasa sosial", "apa itu rekayasa sosial", "rekayasa sosial adalah",
    "social engineering apaan", "social engineering tuh apa", "soceng",
    "sosial enggenering", "social enggineering", "sosial engineering",
    "contoh social engineering", "contoh serangan social engineering",
    "kasus social engineering", "social engineering seperti apa",
    "pretexting", "baiting", "tailgating", "quid pro quo", "phishing social",
    "apa itu pretexting", "baiting itu apa", "tailgating artinya",
    "quid pro quo cyber", "teknik social engineering",
    "cara kerja social engineering", "gimana social engineering bekerja",
    "proses social engineering", "mekanisme social engineering",
    "teknik manipulasi social engineering", "psikologi social engineering",
    "bahaya social engineering", "kenapa social engineering berbahaya",
    "dampak social engineering", "efek social engineering", "resiko social engineering",
    "cara mencegah social engineering", "cara menghindari social engineering",
    "proteksi dari social engineering", "gimana biar ga kena social engineering",
    "tips hindari social engineering", "cara aman dari social engineering",
    "deteksi social engineering", "kenali social engineering",
    "ciri ciri social engineering", "tanda social engineering",
    "bedanya social engineering sama phishing", "social engineering vs phishing",
    "social engineering atau malware", "beda social engineering dengan scam",
    "manipulasi psikologi", "penipuan dengan tipu muslihat"
  ],

  "password_security": [
    "apa itu password security", "keamanan password", "password yang aman",
    "password kuat", "cara membuat password", "gimana bikin password",
    "password yang bagus", "password yang susah ditebak", "password kompleks",
    "tips password", "contoh password kuat", "password aman seperti apa",
    "panjang password ideal", "berapa karakter password", "password harus gimana",
    "password kombinasi", "password huruf angka simbol", "password campuran",
    "password manager", "aplikasi password manager", "password manager terbaik",
    "bitwarden", "1password", "lastpass", "keepass", "dashlane",
    "apa itu password manager", "password manager aman ga", "gunakan password manager",
    "2fa", "two factor authentication", "autentikasi dua faktor", "mfa",
    "apa itu 2fa", "2fa itu apa", "cara kerja 2fa", "gimana 2fa bekerja",
    "multi factor authentication", "mfa adalah", "autentikasi berlapis",
    "google authenticator", "authy", "sms otp", "otp itu apa",
    "one time password", "kode otp", "verifikasi 2 langkah",
    "cara aktifkan 2fa", "setting 2fa", "enable 2fa", "pasang 2fa",
    "kenapa harus 2fa", "pentingnya 2fa", "manfaat 2fa", "2fa aman ga",
    "password bocor", "password leak", "password ketahuan", "password kecuri",
    "password di hack", "ganti password", "ubah password", "reset password",
    "lupa password", "recover password", "kembalikan password",
    "password sama semua", "reuse password", "pakai password sama",
    "bahaya password sama", "password berbeda tiap akun",
    "brute force attack", "dictionary attack", "password cracking",
    "credential stuffing", "password spraying", "keylogger password",
    "cara hacker bobol password", "metode crack password",
    "password mudah ditebak", "password 123456"
  ],

  "ddos_attack": [
    "apa itu ddos", "ddos itu apa", "pengertian ddos", "definisi ddos",
    "ddos attack", "serangan ddos", "ddos artinya", "maksud ddos",
    "ddos apaan", "ddos adalah", "distributed denial of service",
    "dos attack", "apa itu dos", "beda dos sama ddos", "dos vs ddos",
    "contoh ddos", "contoh serangan ddos", "kasus ddos", "ddos attack examples",
    "cara kerja ddos", "gimana ddos bekerja", "proses ddos", "mekanisme ddos",
    "bagaimana cara kerja ddos", "ddos itu gimana", "teknik ddos",
    "jenis ddos", "tipe ddos attack", "macam serangan ddos", "kategori ddos",
    "volumetric attack", "protocol attack", "application layer attack",
    "syn flood", "udp flood", "icmp flood", "http flood", "slowloris",
    "dns amplification", "ntp amplification", "amplification attack",
    "botnet", "apa itu botnet", "botnet ddos", "zombie computer",
    "bahaya ddos", "kenapa ddos berbahaya", "dampak ddos", "efek ddos",
    "akibat ddos", "resiko ddos", "ddos berbahaya ga", "rugi gara ddos",
    "cara mencegah ddos", "cara mengatasi ddos", "proteksi ddos",
    "gimana biar ga kena ddos", "solusi ddos", "tips hindari ddos",
    "ddos protection", "cloudflare ddos", "akamai ddos", "cdn ddos",
    "cara defend dari ddos", "mitigasi ddos", "defense ddos",
    "kena ddos gimana", "website down ddos", "server diserang ddos",
    "bedanya ddos sama dos", "ddos vs malware", "ddos atau virus",
    "website tidak bisa diakses", "server down", "traffic berlebihan"
  ],

  "sql_injection": [
    "apa itu sql injection", "sql injection itu apa", "pengertian sql injection",
    "definisi sql injection", "sql injection artinya", "sqli", "sql inject",
    "sql injection adalah", "maksud sql injection", "sql injection apaan",
    "contoh sql injection", "contoh serangan sql injection", "kasus sql injection",
    "sql injection attack examples", "sql injection payload",
    "cara kerja sql injection", "gimana sql injection bekerja",
    "proses sql injection", "mekanisme sql injection", "teknik sql injection",
    "bagaimana cara kerja sql injection", "sql injection gimana",
    "jenis sql injection", "tipe sql injection", "macam sql injection",
    "union based sql injection", "error based sql injection",
    "blind sql injection", "time based sql injection", "boolean based",
    "bahaya sql injection", "kenapa sql injection berbahaya",
    "dampak sql injection", "efek sql injection", "akibat sql injection",
    "resiko sql injection", "sql injection berbahaya ga",
    "cara mencegah sql injection", "cara mengatasi sql injection",
    "proteksi sql injection", "solusi sql injection", "defense sql injection",
    "prepared statement", "parameterized query", "input validation",
    "sanitize input", "escape special characters", "waf sql injection",
    "cara detect sql injection", "testing sql injection", "scan sql injection",
    "exploit sql injection", "hack dengan sql injection",
    "bedanya sql injection sama xss", "sql injection vs xss",
    "sql injection atau nosql injection", "orm prevent sql injection",
    "database di hack", "data bocor sql injection"
  ],

  "xss_attack": [
    "apa itu xss", "xss itu apa", "pengertian xss", "definisi xss",
    "xss attack", "cross site scripting", "serangan xss", "xss artinya",
    "xss adalah", "xss apaan", "maksud xss", "jelaskan xss",
    "contoh xss", "contoh serangan xss", "kasus xss", "xss attack examples",
    "cara kerja xss", "gimana xss bekerja", "proses xss", "mekanisme xss",
    "bagaimana cara kerja xss", "xss itu gimana", "teknik xss",
    "jenis xss", "tipe xss", "macam xss", "kategori xss attack",
    "stored xss", "reflected xss", "dom based xss", "blind xss", "self xss",
    "persistent xss", "non persistent xss", "xss di javascript",
    "bahaya xss", "kenapa xss berbahaya", "dampak xss", "efek xss",
    "akibat xss", "resiko xss", "xss berbahaya ga", "rugi gara xss",
    "cara mencegah xss", "cara mengatasi xss", "proteksi xss",
    "solusi xss", "defense xss", "gimana biar ga kena xss",
    "input validation xss", "output encoding", "sanitize html",
    "content security policy", "csp", "http only cookie",
    "cara detect xss", "testing xss", "scan xss vulnerability",
    "exploit xss", "hack dengan xss", "xss payload",
    "bedanya xss sama sql injection", "xss vs sql injection",
    "xss atau csrf", "beda xss dengan clickjacking",
    "inject javascript", "script berbahaya"
  ],

  "firewall": [
    "apa itu firewall", "firewall itu apa", "pengertian firewall",
    "definisi firewall", "firewall artinya", "maksud firewall",
    "firewall adalah", "firewol", "firewall apaan", "jelaskan firewall",
    "fungsi firewall", "kegunaan firewall", "manfaat firewall",
    "firewall untuk apa", "kenapa perlu firewall", "pentingnya firewall",
    "cara kerja firewall", "gimana firewall bekerja", "proses firewall",
    "mekanisme firewall", "bagaimana cara kerja firewall",
    "jenis firewall", "tipe firewall", "macam firewall", "kategori firewall",
    "hardware firewall", "software firewall", "network firewall",
    "packet filtering firewall", "stateful firewall", "proxy firewall",
    "next generation firewall", "ngfw", "application firewall", "waf",
    "contoh firewall", "firewall apa aja", "nama firewall",
    "windows firewall", "linux firewall", "iptables", "pfsense",
    "cisco firewall", "fortinet", "palo alto", "checkpoint firewall",
    "cara setting firewall", "konfigurasi firewall", "setup firewall",
    "enable firewall", "aktifkan firewall", "pasang firewall",
    "firewall rules", "aturan firewall", "policy firewall",
    "block dengan firewall", "allow firewall", "deny firewall",
    "firewall vs antivirus", "bedanya firewall sama antivirus",
    "firewall atau ids", "firewall vs ips", "firewall sama router",
    "blokir koneksi", "filter traffic"
  ],

  "encryption": [
    "apa itu encryption", "encryption itu apa", "pengertian encryption",
    "definisi encryption", "enkripsi", "apa itu enkripsi", "enkripsi artinya",
    "encryption adalah", "maksud encryption", "jelaskan enkripsi",
    "cara kerja encryption", "gimana encryption bekerja", "proses encryption",
    "mekanisme enkripsi", "bagaimana cara kerja enkripsi",
    "jenis encryption", "tipe encryption", "macam enkripsi",
    "symmetric encryption", "asymmetric encryption", "symmetric vs asymmetric",
    "aes", "rsa", "des", "3des", "blowfish", "twofish",
    "apa itu aes", "aes encryption", "rsa algorithm", "rsa encryption",
    "public key", "private key", "kunci publik", "kunci privat",
    "apa itu public key", "public key cryptography", "asymmetric key",
    "encryption key", "kunci enkripsi", "encryption password",
    "end to end encryption", "e2ee", "enkripsi end to end",
    "ssl", "tls", "https", "ssl certificate", "ssl tls",
    "apa itu ssl", "ssl artinya", "tls adalah", "https aman ga",
    "beda http https", "http vs https", "kenapa https",
    "decryption", "dekripsi", "decrypt", "cara decrypt",
    "hash", "hashing", "apa itu hash", "hash function",
    "sha256", "md5", "sha1", "bcrypt", "scrypt",
    "bedanya encryption sama hashing", "encryption vs hashing",
    "hash atau encryption", "enkripsi sama hash beda",
    "data terenkripsi", "kunci enkripsi hilang"
  ],

  "vpn": [
    "apa itu vpn", "vpn itu apa", "pengertian vpn", "definisi vpn",
    "vpn artinya", "vpn adalah", "maksud vpn", "vpn apaan",
    "virtual private network", "jelaskan vpn", "vpn untuk apa",
    "fungsi vpn", "kegunaan vpn", "manfaat vpn", "kenapa pakai vpn",
    "cara kerja vpn", "gimana vpn bekerja", "proses vpn", "mekanisme vpn",
    "bagaimana cara kerja vpn", "vpn itu gimana",
    "jenis vpn", "tipe vpn", "macam vpn", "kategori vpn",
    "site to site vpn", "remote access vpn", "ssl vpn", "ipsec vpn",
    "contoh vpn", "vpn apa aja", "nama vpn", "rekomendasi vpn",
    "nordvpn", "expressvpn", "surfshark", "protonvpn", "tunnelbear",
    "vpn gratis", "free vpn", "vpn berbayar", "vpn terbaik",
    "cara pakai vpn", "cara setting vpn", "install vpn", "setup vpn",
    "vpn untuk streaming", "vpn netflix", "vpn unblock",
    "vpn buat apa", "vpn ngebut ga", "vpn aman ga", "vpn lemot",
    "vpn vs proxy", "bedanya vpn sama proxy", "vpn atau proxy",
    "vpn vs tor", "vpn sama tor", "mana lebih aman vpn atau tor",
    "bahaya vpn", "resiko vpn", "vpn logging", "vpn no log",
    "vpn leak", "dns leak", "webrtc leak", "ip leak vpn",
    "sembunyikan ip", "bypass censorship"
  ],

  "zero_day": [
    "apa itu zero day", "zero day itu apa", "pengertian zero day",
    "zero day vulnerability", "zero day exploit", "zero day attack",
    "0 day", "0day", "zero-day", "celah zero day", "kerentanan zero day",
    "maksud zero day", "artinya zero day", "definisi zero day",
    "contoh zero day", "kasus zero day", "serangan zero day",
    "stuxnet", "eternalblue", "pegasus spyware", "zero day examples",
    "cara kerja zero day", "gimana zero day bekerja", "proses zero day",
    "kenapa disebut zero day", "zero day artinya kenapa",
    "bahaya zero day", "kenapa zero day berbahaya", "dampak zero day",
    "resiko zero day", "zero day berbahaya ga",
    "cara mencegah zero day", "proteksi zero day", "defense zero day",
    "gimana biar aman dari zero day", "deteksi zero day",
    "zero day di wild", "zero day exploit kit", "zero day market",
    "harga zero day", "jual zero day", "bug bounty zero day",
    "bedanya zero day sama exploit", "zero day vs vulnerability",
    "celah keamanan belum dipatch", "vulnerability baru"
  ],

  "man_in_the_middle": [
    "apa itu man in the middle", "man in the middle itu apa",
    "mitm", "mitm attack", "serangan mitm", "man in the middle attack",
    "pengertian mitm", "definisi man in the middle", "mitm artinya",
    "jelaskan man in the middle", "maksud mitm attack",
    "cara kerja mitm", "gimana mitm bekerja", "proses mitm",
    "bagaimana cara kerja man in the middle", "mekanisme mitm",
    "jenis mitm", "tipe mitm attack", "macam serangan mitm",
    "arp spoofing", "dns spoofing", "ssl stripping", "session hijacking",
    "wifi eavesdropping", "evil twin", "rogue access point",
    "contoh mitm", "kasus mitm", "serangan mitm seperti apa",
    "bahaya mitm", "kenapa mitm berbahaya", "dampak mitm",
    "resiko mitm", "akibat mitm attack",
    "cara mencegah mitm", "cara menghindari mitm", "proteksi mitm",
    "gimana biar ga kena mitm", "defense mitm", "solusi mitm",
    "wifi public bahaya", "wifi publik mitm", "wifi gratis aman ga",
    "vpn cegah mitm", "https cegah mitm", "ssl prevent mitm",
    "sadap komunikasi", "intercept data", "penyadapan jaringan"
  ],

  "incident_response": [
    "apa itu incident response", "incident response itu apa",
    "pengertian incident response", "definisi incident response",
    "ir", "cyber incident response", "respon insiden", "tanggap insiden",
    "incident response plan", "ir plan", "rencana tanggap insiden",
    "tahapan incident response", "fase incident response", "step ir",
    "preparation", "identification", "containment", "eradication",
    "recovery", "lessons learned", "post incident",
    "cara kerja incident response", "proses incident response",
    "gimana incident response", "mekanisme ir",
    "incident response team", "ir team", "csirt", "cert", "soc",
    "apa itu csirt", "cyber security incident response team",
    "security operations center", "soc adalah",
    "tools incident response", "software ir", "tools untuk ir",
    "siem", "edr", "forensics tools", "incident response tools",
    "kena hack harus gimana", "data breach response", "ransomware response",
    "insiden keamanan harus gimana", "step kalau kena hack",
    "lapor ke mana kalau kena hack", "pelaporan insiden cyber",
    "komputer di hack", "akun diretas", "data bocor harus gimana"
  ],

  "network_security": [
    "apa itu network security", "network security itu apa",
    "keamanan jaringan", "keamanan network", "network security adalah",
    "pengertian network security", "definisi keamanan jaringan",
    "cara kerja network security", "gimana network security",
    "komponen network security", "elemen keamanan jaringan",
    "firewall network", "ids", "ips", "intrusion detection system",
    "intrusion prevention system", "apa itu ids", "apa itu ips",
    "beda ids sama ips", "ids vs ips", "firewall vs ids",
    "network monitoring", "monitoring jaringan", "network traffic",
    "packet sniffing", "wireshark", "tcpdump", "network analyzer",
    "vlan", "network segmentation", "segmentasi jaringan",
    "dmz", "demilitarized zone", "perimeter security",
    "network access control", "nac", "802.1x authentication",
    "wireless security", "wifi security", "wpa2", "wpa3",
    "wep", "apa itu wpa", "beda wep wpa wpa2",
    "router security", "switch security", "network device security",
    "amankan jaringan", "proteksi network"
  ],

  "cloud_security": [
    "apa itu cloud security", "cloud security itu apa",
    "keamanan cloud", "keamanan cloud computing", "cloud security adalah",
    "pengertian cloud security", "definisi keamanan cloud",
    "aws security", "azure security", "gcp security", "google cloud security",
    "amazon web services security", "microsoft azure security",
    "shared responsibility model", "model tanggung jawab bersama",
    "cloud security risks", "resiko cloud", "bahaya cloud computing",
    "cloud misconfiguration", "s3 bucket exposed", "aws s3 security",
    "iam", "identity and access management", "cloud iam",
    "cara aman di cloud", "best practice cloud security",
    "tips keamanan cloud", "proteksi data di cloud",
    "cloud encryption", "enkripsi di cloud", "data at rest",
    "data in transit", "data in use", "encryption cloud",
    "cloud compliance", "kepatuhan cloud", "gdpr cloud",
    "cloud backup", "backup di cloud", "disaster recovery cloud",
    "cloud monitoring", "monitoring cloud security", "cloud logs",
    "data di cloud aman ga", "penyimpanan cloud"
  ],

  "mobile_security": [
    "apa itu mobile security", "mobile security itu apa",
    "keamanan mobile", "keamanan smartphone", "keamanan hp",
    "android security", "ios security", "keamanan android",
    "keamanan iphone", "mana lebih aman android atau ios",
    "malware android", "virus hp", "malware smartphone",
    "cara amankan hp", "tips keamanan smartphone", "proteksi hp",
    "app permissions", "izin aplikasi", "permission android",
    "mobile app security", "keamanan aplikasi mobile",
    "mobile banking security", "keamanan mobile banking",
    "tips aman mobile banking", "proteksi m-banking",
    "rooting", "jailbreak", "bahaya rooting", "resiko jailbreak",
    "mobile device management", "mdm", "byod security",
    "wifi public di hp", "bluetooth security", "nfc security",
    "screen lock", "biometric security", "fingerprint security",
    "face id", "face unlock", "pin password hp",
    "hp di hack", "smartphone diretas"
  ],

  "iot_security": [
    "apa itu iot security", "iot security itu apa",
    "keamanan iot", "internet of things security", "iot adalah",
    "pengertian iot", "contoh iot", "iot device",
    "smart home security", "keamanan smart home", "smart tv security",
    "smart camera security", "cctv security", "ip camera aman ga",
    "alexa security", "google home security", "smart speaker security",
    "iot vulnerability", "celah iot", "kerentanan iot device",
    "mirai botnet", "botnet iot", "iot ddos attack",
    "cara amankan iot", "tips keamanan iot", "proteksi iot device",
    "default password iot", "ganti password iot", "update firmware iot",
    "iot network security", "isolasi iot device", "vlan untuk iot",
    "smart device di hack", "perangkat pintar diretas"
  ],

  "blockchain_security": [
    "apa itu blockchain security", "blockchain security itu apa",
    "keamanan blockchain", "blockchain aman ga", "blockchain secure",
    "cryptocurrency security", "keamanan crypto", "bitcoin security",
    "wallet security", "crypto wallet", "cold wallet", "hot wallet",
    "private key crypto", "seed phrase", "recovery phrase crypto",
    "51% attack", "double spending", "blockchain attack",
    "smart contract security", "keamanan smart contract",
    "solidity security", "ethereum security", "defi security",
    "nft security", "keamanan nft", "crypto scam", "rugpull",
    "phishing crypto", "fake wallet", "malicious smart contract",
    "wallet di hack", "private key hilang"
  ],

  "cybersecurity": [
    "apa itu cybersecurity", "cybersecurity itu apa",
    "pengertian cybersecurity", "definisi cybersecurity",
    "keamanan siber", "keamanan cyber", "cyber security",
    "cybersecurity adalah", "maksud cybersecurity", "artinya cybersecurity",
    "fungsi cybersecurity", "tujuan cybersecurity", "manfaat cybersecurity",
    "kenapa cybersecurity penting", "pentingnya keamanan siber",
    "cara kerja cybersecurity", "gimana cybersecurity bekerja",
    "komponen cybersecurity", "elemen cybersecurity",
    "cia triad", "confidentiality integrity availability",
    "prinsip cybersecurity", "konsep dasar cybersecurity",
    "jenis ancaman cyber", "threat cyber", "cyber attack",
    "cara belajar cybersecurity", "mulai belajar cyber dari mana",
    "roadmap cybersecurity", "career path cybersecurity",
    "sertifikasi cybersecurity", "sertifikat cyber", "ceh", "cissp",
    "security+", "oscp", "giac", "sertifikat keamanan siber",
    "tools cybersecurity", "software cyber security",
    "framework cybersecurity", "nist framework", "iso 27001",
    "keamanan data", "keamanan informasi"
  ]
}
