{
    "phishing": [
      "apa itu phishing",
      "phishing itu apa",
      "pengertian phishing",
      "contoh phishing",
      "email phishing itu seperti apa",
      "sms phishing itu apa",
      "kenapa phishing berbahaya",
      "bagaimana cara kerja phishing",
      "ciri ciri phishing",
      "penipuan lewat email"
    ],
  
    "malware": [
      "apa itu malware",
      "malware itu apa",
      "pengertian malware",
      "contoh malware",
      "jenis jenis malware",
      "cara kerja malware",
      "bahaya malware",
      "virus komputer",
      "ransomware itu apa",
      "spyware itu apa"
    ],
  
    "cybersecurity": [
      "apa itu cybersecurity",
      "cybersecurity itu apa",
      "pengertian cybersecurity",
      "keamanan siber",
      "apa yang dimaksud keamanan siber"
    ],
  
    "cyber_attack": [
      "apa saja serangan siber",
      "contoh serangan siber",
      "jenis cyber attack",
      "macam macam serangan siber",
      "contoh cyber attack"
    ],
  
    "account_compromise": [
      "email saya dibajak",
      "akun saya diretas",
      "akun kena hack",
      "password bocor",
      "akun diambil alih"
    ]
  }
  