[
  {
    "query": "halo",
    "predicted_intent": "unknown",
    "confidence": 0.0,
    "top_intents": [],
    "timestamp": "2026-01-03T22:52:39.780659"
  },
  {
    "query": "halo",
    "predicted_intent": "unknown",
    "confidence": 0.0,
    "top_intents": [],
    "timestamp": "2026-01-03T22:52:41.079703"
  },
  {
    "query": "hai",
    "predicted_intent": "unknown",
    "confidence": 0.0,
    "top_intents": [],
    "timestamp": "2026-01-03T22:52:41.735811"
  },
  {
    "query": "chatbot",
    "predicted_intent": "unknown",
    "confidence": 0.0,
    "top_intents": [],
    "timestamp": "2026-01-03T22:52:43.406081"
  },
  {
    "query": "oy",
    "predicted_intent": "unknown",
    "confidence": 0.0,
    "top_intents": [],
    "timestamp": "2026-01-03T22:52:44.766980"
  },
  {
    "query": "apa itu phishing",
    "predicted_intent": "unknown",
    "confidence": 0.0,
    "top_intents": [],
    "timestamp": "2026-01-03T22:52:48.001829"
  }
]