{
  "model_type": "ensemble",
  "accuracy": 0.8566433566433567,
  "f1_macro": 0.8558559559797142,
  "f1_weighted": 0.8851948163264495,
  "n_intents": 22,
  "n_samples": 1434,
  "intents": [
    "blockchain_security",
    "cloud_security",
    "cybersecurity",
    "ddos_attack",
    "encryption",
    "firewall",
    "greeting",
    "incident_response",
    "iot_security",
    "malware",
    "man_in_the_middle",
    "mobile_security",
    "network_security",
    "password_security",
    "phishing",
    "ransomware",
    "social_engineering",
    "sql_injection",
    "thanks",
    "vpn",
    "xss_attack",
    "zero_day"
  ],
  "training_date": "2026-01-04 01:29:56",
  "config": {
    "train_data_path": "intent_training_data_expanded.json",
    "response_data_path": "dataset_augmented.json",
    "test_size": 0.2,
    "random_state": 42,
    "min_samples_per_intent": 10,
    "use_ensemble": true,
    "use_semantic": false,
    "output_dir": "model_improved/"
  }
}